{
    "f1": 0.5116279069767441,
    "roc_auc": 0.8161304956705261
}