{
    "f1": 0.5089974293059126,
    "roc_auc": 0.8117122625692814
}