{
    "f1": 0.5194805194805194,
    "roc_auc": 0.8168701552298863
}